"","estimate","se","lcl","ucl"
"S:(Intercept)",0.8589582,0.3371562,0.198132,1.5197844
"p:(Intercept)",-1.3115376,0.4371197,-2.1682921,-0.454783
"Psi:(Intercept)",-0.8125703,0.6368042,-2.0607066,0.4355661
