"","estimate","se","lcl","ucl"
"S:(Intercept)",1.6206151,0.0253456,1.5709377,1.6702925
"p:(Intercept)",-1.3373702,0.0283194,-1.3928763,-1.2818642
"Psi:(Intercept)",-2.7683056,0.069873,-2.9052566,-2.6313545
