"","estimate","se","lcl","ucl","fixed","note"
"S s1 gPM c130 c1 a0 o1 t130",0.6240049,0.0225471,0.5788921,0.6670643,"     ","                    "
"p s1 gPM c130 c1 a1 o1 t131",0.279506,0.0272075,0.2293976,0.3357905,"     ","                    "
"Psi s1 to2 gPM c130 c1 a0 o1 t130",0.5272669,0.0475488,0.4342042,0.6184726,"     ","                    "
"p s1 gPM c130 c1 a107 o107 t237",0,0,0,0,"Fixed",""
