"","estimate","se","lcl","ucl","fixed","note"
"S s1 gPE c130 c1 a0 o1 t130",0.6331304,0.0186438,0.5958853,0.6688505,"     ","                    "
"p s1 gPE c130 c1 a1 o1 t131",0.3158131,0.0243278,0.2701709,0.3653066,"     ","                    "
"Psi s1 to2 gPE c130 c1 a0 o1 t130",0.3674382,0.0363291,0.2995216,0.4410581,"     ","                    "
"p s1 gPE c130 c1 a107 o107 t237",0,0,0,0,"Fixed",""
