"","estimate","se","lcl","ucl"
"S:(Intercept)",0.5321071,0.053756,0.4267453,0.6374689
"p:(Intercept)",-0.9760987,0.0741229,-1.1213796,-0.8308179
"Psi:(Intercept)",0.0755122,0.2626789,-0.4393385,0.5903629
"Psi:movement",-0.7270994,0.2468302,-1.2108867,-0.2433121
