"","estimate","se","lcl","ucl"
"S:(Intercept)",0.5065876,0.0960995,0.3182325,0.6949427
"p:(Intercept)",-0.9469129,0.1351035,-1.2117158,-0.68211
"Psi:(Intercept)",-0.5878233,0.3271404,-1.2290184,0.0533719
"Psi:movement",0.5271949,0.3264308,-0.1126094,1.1669993
