"","estimate","se","lcl","ucl"
"S:(Intercept)",1.0797785,0.0381382,1.0050276,1.1545295
"p:(Intercept)",0.5523145,0.0489455,0.4563813,0.6482477
"Psi:(Intercept)",-3.3669968,0.1174868,-3.597271,-3.1367225
