"","estimate","se","lcl","ucl"
"S:(Intercept)",1.6513779,0.0250056,1.6023668,1.700389
"p:(Intercept)",0.2466847,0.0242327,0.1991887,0.2941807
"Psi:(Intercept)",-3.1548026,0.0598189,-3.2720476,-3.0375576
