"","estimate","se","lcl","ucl","fixed","note"
"S s1 gDS c130 c1 a0 o1 t130",0.831808,0.0249994,0.776999,0.875308,"     ","                    "
"p s1 gDS c130 c1 a1 o1 t131",0.6594615,0.0391814,0.5790638,0.7316205,"     ","                    "
"Psi s1 to2 gDS c130 c1 a0 o1 t130",0.0229437,0.0134358,0.0072016,0.0706482,"     ","                    "
"Psi s2 to1 gDS c130 c1 a0 o1 t130",0.7503774,0.600006,0.005609,0.9993762,"     ","                    "
"p s1 gDS c130 c1 a107 o107 t237",0,0,0,0,"Fixed",""
