"","estimate","se","lcl","ucl","fixed","note"
"S s1 gPF c130 c1 a0 o1 t130",0.7828708,0.0094833,0.76371,0.8008829,"     ","                    "
"p s1 gPF c130 c1 a1 o1 t131",0.2285125,0.0116957,0.2064007,0.2522402,"     ","                    "
"Psi s1 to2 gPF c130 c1 a0 o1 t130",0.0582906,0.0084673,0.0437474,0.0772778,"     ","                    "
"p s1 gPF c130 c1 a107 o107 t237",0,0,0,0,"Fixed",""
