"","estimate","se","lcl","ucl","fixed","note"
"S s1 gDM c130 c1 a0 o1 t130",0.7968585,0.0042826,0.7883353,0.8051233,"     ","                    "
"p s1 gDM c130 c1 a1 o1 t131",0.5985535,0.0069101,0.5849376,0.6120189,"     ","                    "
"Psi s1 to2 gDM c130 c1 a0 o1 t130",0.0555776,0.0031404,0.0497336,0.0620633,"     ","                    "
"p s1 gDM c130 c1 a107 o107 t237",0,0,0,0,"Fixed",""
