"","estimate","se","lcl","ucl"
"S:(Intercept)",1.3667744,0.0264562,1.3149203,1.4186285
"p:(Intercept)",0.3994406,0.0287578,0.3430754,0.4558058
"Psi:(Intercept)",-0.268585,0.1533673,-0.5691849,0.0320149
"Psi:movement",-2.5437892,0.1524675,-2.8426255,-2.244953
