"","estimate","se","lcl","ucl"
"S:(Intercept)",0.6677507,0.1264842,0.4198416,0.9156597
"p:(Intercept)",-0.6127498,0.1714706,-0.9488321,-0.2766675
"Psi:(Intercept)",0.1453138,0.8783444,-1.5762412,1.8668688
"Psi:movement",-1.6209305,0.8181843,-3.2245717,-0.0172892
