"","estimate","se","lcl","ucl"
"S:(Intercept)",1.3441117,0.0803269,1.1866709,1.5015524
"p:(Intercept)",-0.6885324,0.0910961,-0.8670807,-0.5099841
"Psi:(Intercept)",-0.1709995,0.4113108,-0.9771687,0.6351698
"Psi:movement",-1.9836199,0.3701289,-2.7090726,-1.2581673
