"","estimate","se","lcl","ucl","fixed","note"
"S s1 gNAO c130 c1 a0 o1 t130",0.7931646,0.013178,0.7661444,0.8178053,"     ","                    "
"p s1 gNAO c130 c1 a1 o1 t131",0.3343607,0.0202747,0.2958631,0.3751984,"     ","                    "
"Psi s1 to2 gNAO c130 c1 a0 o1 t130",0.095167,0.0156018,0.0686741,0.1304488,"     ","                    "
"p s1 gNAO c130 c1 a107 o107 t237",0,0,0,0,"Fixed",""
