"","estimate","se","lcl","ucl"
"S:(Intercept)",1.126038,0.0420536,1.043613,1.2084631
"p:(Intercept)",-0.3188717,0.0505812,-0.418011,-0.2197325
"Psi:(Intercept)",-2.3163645,0.0935923,-2.4998053,-2.1329237
