"","estimate","se","lcl","ucl","fixed","note"
"S s1 gRM c130 c1 a0 o1 t130",0.6299744,0.0125309,0.6050962,0.6541811,"     ","                    "
"p s1 gRM c130 c1 a1 o1 t131",0.2736666,0.0147336,0.2457555,0.3034722,"     ","                    "
"Psi s1 to2 gRM c130 c1 a0 o1 t130",0.3426319,0.0254326,0.2946507,0.3940613,"     ","                    "
"Psi s2 to1 gRM c130 c1 a0 o1 t130",0.5188691,0.0655762,0.3918986,0.6434484,"     ","                    "
"p s1 gRM c130 c1 a107 o107 t237",0,0,0,0,"Fixed",""
