"","estimate","se","lcl","ucl"
"S:(Intercept)",1.1905399,0.1163894,0.9624167,1.418663
"p:(Intercept)",-0.5300331,0.1321772,-0.7891004,-0.2709659
"Psi:(Intercept)",-0.5188343,0.4108641,-1.324128,0.2864594
"Psi:movement",-0.6136607,0.3821212,-1.3626183,0.1352968
