"","estimate","se","lcl","ucl"
"S:(Intercept)",-0.186217,0.1521851,-0.4844997,0.1120658
"p:(Intercept)",-0.4728815,0.2456633,-0.9543815,0.0086186
"Psi:(Intercept)",0.7513591,1.1483046,-1.499318,3.0020362
"Psi:movement",-3.0495339,1.1416396,-5.2871475,-0.8119203
