"","estimate","se","lcl","ucl"
"S:(Intercept)",1.2824792,0.0557891,1.1731325,1.3918259
"p:(Intercept)",-1.2167347,0.0663417,-1.3467644,-1.086705
"Psi:(Intercept)",0.8364625,0.4834141,-0.1110292,1.7839541
"Psi:movement",-3.0664683,0.4374001,-3.9237725,-2.2091641
