"","estimate","se","lcl","ucl","fixed","note"
"S s1 gOL c130 c1 a0 o1 t130",0.7668376,0.0208102,0.7236054,0.8051287,"     ","                    "
"p s1 gOL c130 c1 a1 o1 t131",0.3705092,0.030828,0.3123619,0.43267,"     ","                    "
"Psi s1 to2 gOL c130 c1 a0 o1 t130",0.2437009,0.0429599,0.1694768,0.3372327,"     ","                    "
"Psi s2 to1 gOL c130 c1 a0 o1 t130",0.3731249,0.0961022,0.2101323,0.5711291,"     ","                    "
"p s1 gOL c130 c1 a107 o107 t237",0,0,0,0,"Fixed",""
