"","estimate","se","lcl","ucl"
"S:(Intercept)",1.5985063,0.1786909,1.248272,1.9487405
"p:(Intercept)",0.6608985,0.1744717,0.3189338,1.0028631
"Psi:(Intercept)",-4.028452,0.5904228,-5.1856807,-2.8712233
