"","estimate","se","lcl","ucl"
"S:(Intercept)",0.5456701,0.0802657,0.3883494,0.7029908
"p:(Intercept)",-0.7730804,0.1125895,-0.9937558,-0.552405
"Psi:(Intercept)",-0.543223,0.156303,-0.8495769,-0.236869
