"","estimate","se","lcl","ucl","fixed","note"
"S s1 gSH c130 c1 a0 o1 t130",0.4535824,0.0377184,0.3811925,0.5279899,"     ","                    "
"p s1 gSH c130 c1 a1 o1 t131",0.3839308,0.0581062,0.2780015,0.5021506,"     ","                    "
"Psi s1 to2 gSH c130 c1 a0 o1 t130",0.0818782,0.029273,0.0399128,0.160587,"     ","                    "
"p s1 gSH c130 c1 a107 o107 t237",0,0,0,0,"Fixed",""
