"","estimate","se","lcl","ucl","fixed","note"
"S s1 gSO c130 c1 a0 o1 t130",0.7024429,0.0704713,0.5493716,0.8205067,"     ","                    "
"p s1 gSO c130 c1 a1 o1 t131",0.2122297,0.0730813,0.1026342,0.3882242,"     ","                    "
"Psi s1 to2 gSO c130 c1 a0 o1 t130",0.3073431,0.135565,0.112975,0.607202,"     ","                    "
"p s1 gSO c130 c1 a107 o107 t237",0,0,0,0,"Fixed",""
