"","estimate","se","lcl","ucl","fixed","note"
"S s1 gfemale3110 c261 c1 a0 o1 t261",0.7646622,0.0026111,0.7595061,0.7697413,"     ","                    "
"p s1 gfemale3110 c261 c1 a1 o1 t262",0.524361,0.00437,0.5157894,0.5329183,"     ","                    "
"Psi s1 to2 gfemale3110 c261 c1 a0 o1 t261",0.0908412,0.0026154,0.0858435,0.0960991,"     ","                    "
"p s1 gfemale3110 c261 c1 a6 o6 t267",0,0,0,0,"     "," Fixed              "
