"","estimate","se","lcl","ucl"
"S:(Intercept)",1.1784123,0.0145096,1.1499735,1.2068511
"p:(Intercept)",0.0975212,0.0175218,0.0631785,0.1318638
"Psi:(Intercept)",-2.3034074,0.0316673,-2.3654754,-2.2413395
